id,tweet
1,best garlic mushroom white sauce pizza ever! my go-to order always!!!! only for garlic lovers for sure!
2,"Walk-in dine-in.  Pizza can be ordered by the slice, shown in the front display under glass.  We ordered a whole pizza, Boston special.  Made to order, it took 20 minutes.  Delicious!  This isn't fancy or gourmet, but a simple satisfying pizza.  It's not oily, the crust isn't overwhelmingly thick or floppy thin, and toppings are enough.  One of the better pizzas on the island for what it's worth.  There's parking and plenty of seating."
3,Four and a half. I knocked the 1/2 star because there weren't any hot pepper flakes on my spicy side of my pizza. I got half spinach and garlic and half spicy Susie I think it's called. I cannot recall the name but it's a female's name lol. There was absolutely no spice. Called in late (sorry) about 40 minutes prior to their closing. They said they could do it so I was absolutely happy. Got there and the pizza was ready for me. Love the happiness of the workers inside. That's how to work! :) happy workers making a happy pizza. It was cooked to perfection. I got home (I live in town) and the pizza was still hot. Heard this was the OG of Boston's pizza so I decided to try it here. It was delicious and we did some damage to the pizza! So perfect!!
4,Spinach & garlic pizza (light on the garlic with triple mushrooms is da best. Enjoy this pizza very much.
5,"I have to say them at this may be the best tasting pizza on the island. I'm a pizza fanatic and realized quickly that Hawaii does not have great pizza joints. They're either too greasy, crust sucks, or major lack of flavor.I was excited to eat this pizza because I do love the crust! Their pie is huge compared to others but it's also more expensive. We called our order in and picked it up. Easy and service was friendly. This place will now be our go to take out pizza joint."
6,This business dropped a pizza that we didn't order in from of our apartment. I phoned the place to let them know they made a mistake. Instead of talking to me they got defensive and told me it wasn't them and hung up. The second time I called they laughed with each other about me calling back. I was just looking out for my neighbors. The attitude from this place is toxic AF. No Aloha.
7,Easy to order with lots of parking! Sign up for the Clover app to get a fee pizza after purchasing 12. The workers are super friendly and happy. Must be a great place to work.Dine in is still closed and take out only.Bring cash for tip as their charge system does not allow you to add tip! Tip: always tip in cash no matter where you go especially during these tough economic times!
8,"Yup. The bomb pizzas!Not greasy like every other pizza place, especially the fast food chain kind.  They are real deal quality food with quality ingredients and sauce they actually put themselves into it. I was ordering a slice and found out that's a two piece ""slice"". But since it's a thin crust you can actually eat 4 pieces and not feel like you're gone explode and die. I actually wolfed up FOUR pieces the other day like nothing!  LOL!I hear calzone is huge and also delicious. Gonna try that next.try both white pizza and red sauce. I liked them both. I can't believe I haven't tried this place till now. I've wasted a whole year in this neighborhood not discovering this place. Well, you don't have to look any longer. This is the pizza place you need to come to. You're welcome"
9,"It's the portions for us. Me and my husband couldn't even finish our whole pizza. We got an order of their garlic cheese bread and my husband finished that within the time of me eating one slice  Its huge okay!  Our pizza was pepperoni mushroom and we added on spinach and garlic on the left side. My husband didn't like the spinach garlic add on, but I did. He just ate too much garlic from that cheese bread. But overall Boston's Pizza will always be one of our go-to for pizza. Especially if we don't feel like cooking. I ordered online through the website and it didn't give me the option to schedule a later pickup time so I just wrote a note in the description box that I'd be picking our order up a little later. It was easy and fast. We got to the store and our order was already waiting for us. We got there like 10 minutes after the time I put down in the description box.. oops. Pizza was still hot though and it was delicious! Thank you!"
10,"Pizza for lent has started.  I am happy to be able to pick up an easy dinner on a Friday.  I like this place and I will be back but I do think they are skimpy on the cheese pizza.  The cheese doesn't need to be thick but it should at least cover the pizza.  I still come back because I do like it, just wish they would at least cover the pizza."
11,Always a go to for a crazy big slice.  Got me the spinach garlic and the special...nice to feed two at the park or wherever...good to go
12,"I called due to an error with Uber Eats.  The manager, Julie, verbatim, told me, ""I don't have the patience to deal with this today, I'm really busy"".  In the middle of trying to explain my situation I was cut off, and told to take it up with Uber.  I asked, ""can I finish explaining before you cut me off?""  As I began explaining, again, she immediately interrupted me, AGAIN.  She then hung up on me, and refuses to pick up the phone.  I understand all businesses are stressed right now.  However, there is no need to impatiently deal with customers, especially when the customer starts with a calm and collected demeanor.  The manager's inability to handle the situation is what escalated everything.  I will absolutely share this experience with everyone."
13,"3.5 stars Spinach, garlic and mushroom. That's my favorite pizza here. So far I've been lucky and I've always been able to get it or at least spinach and garlic. You can order whole pizzas. Otherwise if you buy by the slice, then it's whatever is available in the display case. As long as you don't go around closing, there's usually a good variety to choose from. I love coming here to get pizza since their slices are huge. You get two pieces when you order by the slice. The prices range between $6-$9 depending on how many toppings are on your pizza.Why 3.5 stars? Well the pizza can be very inconsistent. When you order by the slice from the display case, they take the pizza and reheat it in the oven. Sometimes the pizza is soft and chewy. Other times, the crust has been super hard or burnt. If you order a whole pizza, then it's usually pretty good. They're located on Kam Hwy heading Ewa (westbound). There is lots of parking but I suggest calling ahead if you're picking up whole pizzas since they can get really busy. ********When I crave pizza...spinach, mushroom and garlic my favorite here"
14,"For VEGAN pizza: ask for Pies with no cheeseVeggie Pie - Spinach, tomatoes, mushrooms, black olives, broccoli for $33.68Big Red Pie - Spinach, tomato, mushroom, and garlic. $30.62Spinach, Garlic & Tomato Pie - Cheese, spinach, garlic, and tomato. $29.47Spinach & Garlic Pie - Cheese, spinach, and garlic. $27.18I'm not sure if they will do customized ingredients."
15,"Phone order placed for takeout - half bostons special, half spinach/garlic on white sauce. Ready was promptly ready. -1 star for pizza not in any kine of warmer, pizza was just sitting on the counter so by the time we got home - it wasn't as tasty. Even if there was no warmer, no estimated pickup time was offered or asked."
16,"Great pizza!  Everyone knows the essence of a good pizza is the crust. The crust was supporting of my large pizza with pepperoni, sausage, mushrooms and spinach. It came in huge slices, you might ask for a double cut!  The crust was study while still foldable to handle, the ingredients were tasty, the tomato sauce didn't taste tinny like from a can. My child even ate the sausage which she isn't usually a fan of. We called in our order on a Friday about 12:40, so start of lunch rush, and our order was prepared quickly for take out. I believe this location is only offering take out currently. We saw lots of people walking out with their pizza boxes smiling, ready to enjoy their meals!  We will definitely return."
17,My favorite pizza place! I love New York/East Coast style pizzas because they are more on the drier side? I don't like oily pizza and it brings out more of the flavors from the toppings than the actually pizza dough if you know what I mean. It brings back memories when I used to get $1 slices at St. Mark's Place in NYC! Soooo good!
18,"This Friday I came in to a very busy pizza joint. Not only we're each an every employee working so hard to meet every order, this place was extremely packed to which each employee also was extremely polite and offered-amazing customer service looking so happy to be there leading me to want to be there. Although very busy someone even offered to help with the door since I was pushing my son. To think so busy but not busy enough to be kind shows that proper businesses have not died out. The pizza was amazing and I highly recommend and I look forward to being a regular. Aloha"
19,"Best veggie pizza!  Their veggie pizza is my favorite.  I'm not a vegetarian but I'll choose it over any other pizza, any day.   You can taste the freshness of all the ingredients used and you can tell that it is freshly made.  The tomato sauce, fresh garlic and veggies makes a surprisingly tasty pizza.  Trust me, try it and you won't be sorry."
20,"First time in a very long time to Boston's!! Their located in Aiea, it's kinda hidden/easy to miss, but thankfully we didn't drive too fast in the area. I ordered online for a whole pepperoni and cheese pizza for pick up. I've read many reviews that the workers are rude, so I tried to not expect too much. When I walked, I was actually greeted by the workers so I was pretty happy! I showed them my online order and it was already ready to go! I was surprised how fast it was since I went around lunchtime.The pizza did not disappoint!! It was enough for my mom and I and some leftovers for a couple of days! Looking forward to going back to try different pie selections :)"
21,"Amazing, customer service, pizza was so delicious order the pizza mushroom. The crust was so good and the dough was very soft and doughy. The service was amazing . It's a bit pricey but it was worth it.  Aiea Location"
22,Love the pizza and the service! Totally bummed and wondering why the owner doesn't allow tips through cc payment especially in a day and age where more people are relying on their phones and cards...
23,"Happen to be in the area and decided to pop in for a pie for the fam. As someone who's lived in NYC and Chicago, and who loves pizza, and thinks there are very few options for decent pizza, this place hits the spot. I ordered the Boston Special Pie and replaced the pepperoni with sausage (definitely recommend this approach!). It was pretty expensive but when you see the size of the slices, you understand why! It's almost too big to fold in half and eat easily, and is a two handed affair. Would definitely go back and recommend that you try it if you're near Pearl Ridge."
24,"Easy to park, pizza is very good and very expensive. The best pizza I had on the island, definitely isn't NY city pizza but still very good."
25,"I first visited Boston's Pizza at their original Kailua location over 20 years ago. As a perpetually starving teenager, their 19-inch pizzas and large, quarter-pizza slices were the perfect antidote to my appetite. The simple recipe of thin crust, sauce, cheese, and toppings came together to be much more than the sum of their parts.Now, I get to occasionally treat my own teenagers to Boston's at the Aiea location, near Pearlridge. The recipe and experience haven't changed much over the decades, and prices are quite fair, starting at around $22 for a cheese pizza.The addition of ordering through Google has made the experience even easier, and the wait on our recent order was surprisingly short-- 15 minutes from order placement to pickup.Staff remain friendly while working quickly to address each customer. The parking lot has been almost full on our last couple of visits, but somebody is always leaving, so it isn't a big problem.Other favorite toppings include the spinach and garlic, or the veggie lovers, along with the traditional pepperoni.Boston's is definitely worth trying if you haven't had it before. If you have had it before, then you already know how good a hot slice of their pizza is."
26,"This place is always delicious! Highly recommend the spinach and garlic pizza! We are always satisfied after a Boston's pizza and when my parents come to visit, they always ask to get one at least twice. The service is always friendly and helpful!"
27,"Went for dinner. Tried to make a phone order, but unable to order slices (only whole pizza). Went to the restaurant, and they only allowed us to order from what was left in the display case and they didn't have much selection left. A little disappointed."
28,"Review on cheese pizza onlyGot to eat it hot!Right out of the oven.If you let it sit, does not taste the same.Little too much sauce for my liking. But good flavor on the sauce overall.Cheese seemed like it lacked flavor. Just didn't have the same cheese flavor as J Dolan's.Crust had good flavor. Nothing outstanding.Not as good as J Dolan's Better than Pizza Mamo (unfortunately) really like pizza Mamo.7.2 Pizza ratingThis is good pizza for Oahu!"
29,"I never write poor reviews, but the food was just so terrible I hope to spare another person the disappointment. To me even bad pizza is still kinda good because it's pizza! But not at this place. We ordered 2 slices of combo, 2 slices cheese, and 2 slices spinach bacon. The sauce tastes and looks like straight from the can tomato paste. Not an herb in sight. Thick, bright colored, bland tomato paste. I'm curious if they use real cheese too? Because it's translucent when melted. We opted for ramen after the first couple bites and tossed the rest to the dog. Never again."
30,Boston pizza in Aiea is pretty busy...pizzas are delicious but customers service over the phone is not friendly at all! I called twice to get information about the restuarant and the guy who answered was not nice at all!
31,"Great pizza. The wait was ridiculously long however. We called in our order and were told 30 minutes until it would be ready. At pick up we had to wait an additional 30 minutes, so possibly be prepared for that. Overall the pizza was really good. We will be trying here again."
32,"Love the Spinach & Garlic pizza. Unfortunately, this guy was not wearing his mask over his face as he talked to co-worker and prepared pizzas."
33,"Came in today for a slice after hearing the owner constantly on the radio talking about how good his pizza is, so of course I had to try it!It took a sec for the lady to take my order, which was understandable becuz they were prepared a few whole pies. Once she took my order I waited. 3 other people came in shortly after me and order slices as well. The 3 other people got their orders before me, thinking nothing of it I figured mine should be out soon. Waited some more and finally the lady saw me standing there and asked me what I ordered again smh really?She then proceeded to grab my slice from the display case and throw it in the oven. At that point I just left. Sad to say I wasn't able to see what all the fuss was about this pizza joint. All I know from all the other Boston pizza places on the island, this was the worst ."
34,"Just like home!!! I'm from NY/NJ and this is it!!! Great service, huge portions (just like home), and ton's of Aloha!!! Great location with tons of parking, great seating, and very clean restrooms!!! Gong back ASAP again and again!!!After hearing the radio commercials on KHVH it almost sounded too good to be true but it isn't, it's true and then some!!!Go there, tell them Paul sent you and you'll get a free glass of water ;) they're awesome and Live Aloha(Not to mention they're across the parking lot from the awesome NOA cannabis dispensary, how perfect is that too!!! Do you medical cannabis, get the muchies, get driven back to Boston's North End Pizza Bzkery and you're 100% all set!!!Pizza Heaven On Earth!!!MAHALO!!!"
35,"Utter chaos. It doesn't even matter if the pizza is palatable at this point.  We called ahead so we'd have it in time for a party. Got there and they couldn't locate the order. The gentleman we spoke with said we could order it and pick up at 5:45pm. Separate worker at counter informed me that they aren't allowed to do that. But we did place our order with someone and now it's not ready. She offered no solution at all. Her only offer was to apologize but not actually fix situation. Finally got a manager involved and got the order going but then had to wait and wait and show up late. In the process a separate patron left with a pizza and came back 5 minutes later because they'd given him the wrong order. Total chaos in the kitchen and no one knows what is going on. Another patron walked in,saw what was going on, and decided to just leave."
36,Great pizza!  It's Boston style so a little thicker than NY.  All the ingredients were very fresh and the sauce was perfect.These are 19 inch pizzas!  Should ask to have double cut if feeding a family.Parking lot is awkward if you don't know where you are going.  This business has been around for a quarter century plus and are true American Patriots... even have a giant American Flag on the roof!I heard about it on AM830 and we had to give it a try.  We will definitely be customers in the future.Thank you for the great service and quality food!
37,"Good pizza I just ordered a pepperoni and mushroom slice of pizza. The pizza tasted good, the slice of pizza was big also clean restrooms."
38,"I think their pizza was decent, but the service could improve. I think my experience  may have been worse because it's a busy day, but I've had a couple bad experiences. The staff are very friendly, but they totally dropped my order today and when I got there they acted like it didn't happen and didn't apologize or even really acknowledge it which honestly would have been enough for me because hey, we are all human. It was just kinda disappointing that my time was disrespected and not sure I really want to go back as often as I have been. Definitely potential for a bomb pizza place though!"
39,"I've been waiting to try out their calzones since thinking about it on my previous trip there when I had the Boston Special a while back.My first impression seeing the calzones was that it looked so appetizing to look at, and I wanted one in hopes that they didn't ran out quickly.They still had. And...as I looked at what they had, I went for the one that sounded delicious, which was the pepperoni, bacon and banana pepper one. As soon as it was placed in front of me, I was shocked to see how big they were.Wow...I really enjoyed it. The other half was saved for my family to enjoy. I highly recommend the calzones if you're looking for something filling and enjoying to eat on a Wednesday at Boston Pizza.I'd come back there on another Wednesday if I had to in a near future."
40,"""Julie"" this less than review is for you.  As a food service supervisor myself, your table manner was RUDE.  Been a customer at this location since before Boston's... when it was Pizza Hut as a keiki.  Particularly love this Boston's bc the workers are always upbeat and the pizza variety is on point.  The way you approached my mother & I - who were thrilled to be able to sit & enjoy a meal before our drive west - was out right unacceptable.  & that's an understatement.  All bc we had the seasonings on the table. Then,  YOU slammed another warm fridge beverage down on our table bc we asked for ice.  Your all around approach & delivery was condescending and if it's any reflection on how you treat your staff, I pray the odds are in their favor.   If you're unhappy in your position, find something else.   A free beverage nor our entire meal compensated wouldn't have made up for your opala attitude."
41,Great spot for pizza! Fast and friendly service! They will make it just the way you like it! You'll be able to see why they have been in business 25 years and hopefully many more!
42,Best pizza on the island!  Indoor seating was open for us to enjoy fresh inside. Ordered 2 pies based on the menu posted but when we arrived we noticed there were more options in the case. So if you call to order and you want something you don't see on the menu it doesn't hurt to ask. Employees are really friendly.
43,"Service is always great, staff always friendly and the slices are always huge! There is indoor seating now and all staff wears masks."
44,"Out of individual slices 45 minutes PRIOR  to closing!? Friday July 2nd, place is slammed with pie orders and walk-ins, and their pizza case has one slice left 45 minutes to closing.....this habit of Boston's in Aiea is getting worse. Great pizza, no doubt, but my 4 family members all like different toppings so buying one whole pie doesn't work. They USED to have many slices available of several variety pies in the case till about 30 minutes prior to close. Within the last year, seems they are trying to walk out the door as close to 8 pm as possible by not preparing pay-by-the-slice pizza and having any possible ""waste"". But hey,  this is Boston's Pizza. The place is usually slammed on a Friday night. There's NEVER slices available 15 minutes before close. We learned that a few years ago. Our family and two other customers walked out and drove away because they were ""out of slices, but you can order a whole pie"".  What if you're just one person? What if you have family members that like all your different pizza flavors? I called the manager today and she very confidently told me that I can just order a whole pie. She seemed hurried, impatient and, frankly, curt on the phone. She suggested a 1/2 & 1/2 whole pie as the solution, but blowing off the complaint that 45 minutes prior to closing there's but one slice left with a full parking lot of hungry customers being turned away. Her tone improved when I simply said, ""ok, so, ordering a whole pie is best then?"" She was happier when I saw it her way.    Well, Costco has an excellent cheese pie for $10 not $26-32. I can buy all the different ingredients and make 4 pies for less. Or....Kemo'o's (Uncle's NY Pizza & Deli) in Wahiawa has an even better crust and flavor. More expensive, but DEFINITELY worth the price AND their staff at Uncles is super friendly. So, thanks for the memories, Boston's. You were really good when you accommodated us lowly evening slice-only, walk-in customers. But it's ok. I'm happy to take my $40 for 4 slices to Kemo'o's (Uncle's NY Pizza Deli and Subs in Wahiawa)"
45,I recommend you to taste the best pizza here. You can have real pizza and enjoy the making show and it's amazing.
46,After a long day between Pearl Harbor and Aloha Flea Market we stopped by and ordered individual slices which came out to a whole pie...hands down the best pizza I've had in along time!! The crust was thin and crunchy and the toppings were fresh...they kinda have a pizza my heart vibe ...definitely worth the visit!!!
47,Pretty consistent every time we go. Our go to place for pizza. We really like the combo and cheese.
48,What is wrong with young people today in food service. Went to pick up my pizza order and paid for it and asked for a coke....and this young man tells me I need to go to the back of line to order a coke. I took my pizza and left.
49,Tried them for the first time a few weeks ago. Did not buy the entire pie. Got a few slices. Tried the cheese pizza and also the spinach one. They were great. I loved the sauce. Definitely would try again. So far the best pizza I have tried on the island.
50,"Best pizza  on the island. I don't eat out much and I don't care to eat pizza out because most do it all wrong. Pizza seems pretty easy to not screw up but there are only a few places that can do it right. Boston's does it BESt! If you've ever had authentic New York pizza, you'll NEVER go back to your ""normal/regular"" pizza when you return home, in this case Hawaii for us. One other pizza place I love is Pieology but for a different reason. That brings me to my next point. These pizzas are HUGE, they're THIN just like I like um, they're loaded w/delicious FLAVOR, did I say flavor because the FLAVORS are out of this world GOOD. Like GREAT kinda GOOD lol Staff is FRIENDLY and place is CLEAN.  This place is busy every weekend and for good reason. Try them out and you won't be disappointed. Pricey but WORTH EVERY PENNY!!!! No regrets ;)"
51,The taste of their pizza is amazing. Fresh ingredients and piping hot in the box even after a decent drive. however... today when picking up my phone order we were kept waiting even when we saw that our pizza was ready. We didn't know if their was a queue or not and we waited patiently but they never did call us or motion to us that it was ready. We ended up waiting about 20 min after it was ready and finally asked if our order was done. We were given our pizza afterwards and that was the end of that.  Still a good pizza place just not the best experience this time around.
52,Hands down best pizza on island.. being from the north east this is as good as it get!!!
53,"Late review. Picked up pizza for the super bowl. The pies are BIG. Sauce was pretty good but I felt that the slices were lacking in the cheese department. The crust is thick if you're into that. Overall one of the better pizza joints in Oahu, but still so so."
54,"Big slices, but just average pizza. The ingredients taste cheap considering the price."
55,Use to be my go to pizza spot because I'm a native New Yorker who loves Pizza. Second time I ordered a $30 pizza that was burned. I also seen them pull burnt pies out the oven while I was there and still sell it. Quality control as nothing to do with COVID it's just lazy!
56,"So very good! I can't wait to go into the restaurant for dine in service. If the pie is that good for take out/delivery, I can imagine eating it right out of the oven in store! Husbands new ""lunch spot"" for sure!"
57,"Customer service was not good. I went in and it took a couple minutes for someone to ask if I need help. There was no other customers present and parking lot was empty. I mentioned that I ordered online and at first they could not find my order, but they ended up finding it. I ordered my pizza online at 10:15 and scheduled pick up for 11:15. I went in early, around 11:10 and they said the pizza would be ready in a couple more minutes. My pizza came out at 11:35. The worker who brought it out to my car was a little rude. When we got home and started to eat the pizza, the inner part was doughy and felt undercooked. Was not worth $30+."
58,The pizza was delicious. I had the meat lovers and pepperoni. I would come again if the person who helped us  had gloves on. She grabbed the pizza with her hands using a sheet as cover. Especially in these times I think gloves are important.
59,Usually a huge fan of Boston's pizza. I made a takeout order and was told it would be ready in 30 minutes. I showed up at the time they said my pizza would be ready and they claimed my pizza would be ready in a couple minutes. But they hadn't even started making my pizza. So I had to wait and when they gave me my pizza it was not fully cooked how it usually is and I could tell they were rushing to give it to me. I wish they would've told me they hadn't made it yet instead of telling me it would be ready in a couple minutes because I was in a time crunch and this caused a huge inconvenience. Probably one of the worst pizzas I've ever gotten from here.
60,"Pizza usually great, but service sucks. Preordered for noon & pizza was not ready as promised"
61,"Ok so we got the pepperoni sausage pizza and we were actually excited to try this place as lots of friends/co workers and fellow yelper speak highly of it.Pros:*The tomato sauce tasted like it was homemade and was very fresh and tomatoey. I appreciated it*its huge!!! Definitely excited when we got it*Crust was also good for me although my husband think it's cardboard-ishCons: *for the price of $26 ish I wish they would atleast put a bit more pepperoni or toppings in general.*it's more of a eat it ASAP pizza. It's not that good when it gets cold nor if it's reheated the following day.comparing it to Costco pizza which is a bit smaller and cheaper. This one flavor wise didn't justify the price. Yeah it's good tomato sauce but that's about it. I was hoping to get more pepperoni in every bite.it's only ""slightly"" better than Costco pizza, nothing special about it for me to pay twice as much. You get more for you money buying other pizzas in my opinion.I like affordable food but in general I don't mind paying that price even for a smaller better tasting pizza.We weren't that impressed and definitely won't be back. A very disappointing dinner we end up throwing away (3-4 slices)of it since it's not that good the following day."
62,"Have not had pizza in a while, so decided to hit up Boston's North End Pizza Bakery via Uber Eats. Ordering was a breeze and the pizza arrived within an hour. My husband and I ordered a Boston Special, which was topped with pepperoni, mushroom, green pepper, and olives. The pizza crust tasted fresh and was baked perfectly. We had more than enough pizza left over to enjoy the next day too. Still one of the best pizza joints on Oahu, and well worth the price."
63,The best on the island! Huge pies. Fabulous crust. And some serious hustle from da brus in dah kitchen! Love it!
64,"Wow! The ultimate comfort food made to perfection. I've eaten here many times in the past but who ever was making the pizza tonight made it so perfect. We ordered a bacon and garlic pizza and the dough was made to the perfect thickness. Not too thin and not too thick. Too thin makes it taste like cardboard and too thick can make it too chewy. Tonight was the perfect amount of all toppings! Sooooo tasty. Can you guys make it like this every time? If so, I'll never go anywhere else again ;)"
65,"Been here a few times.  Usually get the Boston Special.  The sauce is just right, not too spicy and not too sweet.   Vegetables are cooked just right, so they're not mushy or too crunchy. The dough is just the right thickness and cooked just right.  Pizza is a little pricey when comparing to other pizza places, but the price is worth it for the size and flavor of pizza you get."
66,Did a take out order and it was not correct when my son brought it home so I called and the girl argued with me.  She blamed me and my son and took no responsibility for the wrong order.  When I finally gave up trying to talk to her I hung up. She then called me back to argue some more.  Never in my life have I ever had a worker from any place call me to argue with me.  So unprofessional and we will never come back to Boston's again.  If you don't like your job get out.
67,"Terrible service, messed up my order and didn't do anything about it. She even argued with me on the phone saying I was wrong.  December 31, 2020 at 7:45. The front lady is terrible."
68,"Simply the best! Best taste, quality, and quantity! Worth every penny! Can't ever go wrong!"
69,"The pizza is great and my favorite type of pizza! The customer service, at least from today'a experience, was unfortunate. The guy greeted me well & took my order in a timely manner. But when I realized something was wrong with my order, after the two customers who came after me got their orders before me (I just had 1 slice), I knew something was up. Never once was I acknowledged. Never once did they apologize for the error w my order... or the time it was taking...or that people after me were getting their (bigger) orders before me. They knew they messed up because I overheard them talking about it - and blaming their coworker who went on break for probably putting my slice on the wrong shelf. So when they put in another slice for me, they only put it in for like 15 seconds then took it out.There's no crunch and my pizza is just a bit warm.Talk about a let down! Then when they plated it up, they just held it out to me...no ""here's your order!"" Or ""here you go!"" - nothing! I even said thank you, while they said nothing lol Good thing I have an air fryer to heat up my own $9 Boston's Pizza slice"
70,I was right about to throw away the pizza box this morning and saw this! Boston's Pizza has always been the go to for the best pizza in Hawaii but now they're attaching positive vibes for the New Year! Thanks guys! So awesome!
71,"Walked in... they didn't have pepperoni in the ready to go case... which was maybe 30% stocked. Asked if more pepperoni would be coming out soon. Was told 10 minutes. Said ""okay, give me two slices when you can"". Was suddenly told 10-15 minutes after I paid. It's been 32 minutes and counting. A few more minutes and it will be both 10s and the 15 added together. Bummer. Pepperoni isn't exactly an exotic recipe. That said... the kid taking orders came back to apologize several times after the first 28 minutes. Good employee. Cooks maybe need a hand or bigger oven however. [Pizza was delivered after a full 40 minute wait.]"
72,Soooo good. I really appreciate a good crust. And the ppl that work there have great energy! Little pricey for a whole pie but a single chz piece is plenty a serving for me around $6!
73,By  far the best pizza on the island thus far... I've tried many places on island and thisPlace hands down has the best pizza... given that I have not tried every single pizza establishment on island so far. I highly recommend this place it is a bit pricey but so worth it if you want great pizza. The consistency of the crust is great and the crust/sauce/topping ratio is perfect! They use fresh ingredients as well!
74,Very clean. Everyone is nice and the selection of pizza is great. Their garlic cheesy bread is incredible. Everyone wears a mask and the place is take out only.
75,"Forget Pizza Hut! Pizza who?! Boston's North End Pizza that's who!! This place is da bomb! We used to order Pizza Hut, tempted by those late night T.V. commercials.But we were always so dissatisfied and felt ripped off.Not so with Boston's North End Pizza, huge, huge out of the box huge pie!! Quality toppings and made to order the way you like it. They do half and half toppings, crust is just right not too thick not too thin, perfect. Call in your order and pick up, friendly staff, mask wearing.  Accepts credit cards."
76,"I am from San Francisco and I have very high expectations when it comes to food, periodt. Chinese food, Mexican food and pizza. I have been eyeing this place for months and I just got off of a long shift at work and barely ate. Long story short, I decided to come here since I was close by. I ordered a spinach, garlic and mushrooms with sausage on white sauce? F#&king delicious. No one really eats the crust and that sh!t was buttery and good. All the flavors blended well together, not one topping was more than the other. I probably was really hungry but I haven't had a good slice of pizza in soooooo long. BEST PIZZA ON ISLAND HANDS DOWN!!I don't care how far I gotta drive, I'm coming hereThank you."
77,Ordered a pizza for pickup tonight. Which we normally have delivered as we do not have a car. We decided we'd walk to pick it up (about a 15 minute walk each way). We were told 30 minutes. We arrived just before the 30 minutes. It was clearly a busy night. We went in and paid. We were told just a few minutes. We went outside to wait. And we waited. And waited.   We checked and were told a few more minutes.  We kept waiting. And waited. Checked again and she said she'd check. Waited more. We were told 45 minutes after our pizza was supposed to be done that it wasn't even made yet. We watched several others come and go all with pizza. We were finally offered a refund which we took. We would have preferred a pizza. We are now home cooking pasta over an hour after our pizza was supposed to be done.  Terribly disappointed in the service and lack of any true attempt to make it up to us. We've ordered several times in the past all with delivery which apparently they are no longer offering unless you want to pay high fees. Not sure we'll go backAnyone have a good pizzeria to recommend??
78,"As is standard for most pizza joints on Oahu, the pizza itself is just okay. This place gets props for serving up HUGE slices. It's a good deal - just not easy on the stomach."
79,Best slice i ever had!! Spinach garlic mushroom anchovy. Perfectly salty savory and crispy. They also manage their covid crowd well. I feel safe supporting this business. The staff is courteous and efficient
80,"Love their pizzas.  Tonight we ordered the spinach, garlic mushrooms with sausage.  Delicious!!!!"
81,"Just went to this location a little after 5 and placed a take out order.  Waited for around 20 minutes all while people came and went with their orders. After 20+ minutes, one of the guys says to me we can bring your order out to your car. So I ask him did you guys just forget to process my order because I've watched at least a dozen people come in after me and leave with their orders. So he answers oh, we accidentally gave your order to another customer. By this point I'm pissed off. He then asked me was your order wrung up? I answered I've already paid for it. So I go wait in my car. Dude comes out about 5 minutes later with 2 pizzas and gives me one of them but it's the wrong one. Didn't even get an apology. Will not be spending anymore money here."
82,"Had my order done earlier than expected, with such a positive customer service experience every time. Hands down, my favorite pizza on the island."
83,"I love Boston pizza! You can customize how you want your order, and even do half & half. The staff is super friendly. I always call in my order and each time I pick up my order the pie is hot and fresh. My only issue I have is every time I request to cut it into 12 pcs, I reach home and it's cut into 8 pcs. Today, I arrived just as they were taking my pie out of the oven. I stressed ""Don't forget to cut it into 12 pcs"". The girl hands me the box and says ""It's 12 pcs"". I reach home, open the box and not only are the pcs cut unevenly, BUT...it's 11 pcs! How the heck does one cut it into 11 pcs! Hence, minus 1 star."
84,I LOVE PIZZA ! And If you're like me and love pizza then you will LOVE BOSTON'S ! Came here for lunch a few days ago and have had dreams about this pizza ever since. The slices are LARGE- the one i posted is half of the slice they gave me.. I was so excited to try I forgot to take a picture first (rookie move) They are open for pick up and have plenty of parking. I will definitely be coming back to try their other pizzas.
85,I haven't had Boston's in years... I've been missing out so much. I never want to have dominos/papa johns/Pizza Hut or any other pizza on this island but Boston's. Nothing else is worthy of the calories
86,"I promise you, I'm no Karen, I'm a 35 year old man who's generally really easy to get along with. But this was hands-down the worst customer service I've ever experienced in 35 years of life. If I could give a zero, believe me, I would.Called for carry-out, immediately asked to hold; that's fine, I'm getting in my truck and heading that way from Wahiawa anyway, so I just put her on speaker and waited for my turn. What ensued is despicable for any business.I heard her (middle-aged woman working the register) coking and joking with people in the background, greeting other customers as they come in, taking their orders, dead silence, etc..30 minutes later, I pull into the lot, hang up the phone, try calling back, and it's off the hook. I go in to place an order, and mention that her phone's off the hook, she doesn't check to see if anyone's still on the line, she hangs it up. I tell her that I was on the other end of the line, waiting to order so I didn't have to waste 30 minutes of my time waiting for a pizza to come out of the oven. She immediately blames the men sitting at the table who she was coking and joking with after she initially put me on hold. I told her it was a woman, who sounded a lot like her.. She wouldn't take accountability to save her life and immediately asked me what I would like. I told her I would appreciate it if you did your job. I walked out and ordered pizza and beer from The Pizza Press down the street in Aiea. My friends loved the pizza, and the beer was pretty solid, too. Wish I could've tried Boston's, I was actually really looking-forward to it. This lady has no business working at a spot where customer service is a pretty imperative component of the job.I'll say it again, ""do your job""."
87,"The young caucasian gentleman with the freckles was so kind to my little dog that I carried inside when making my order because I didn't want to leave him alone outside in the hot car. I love how understanding they were here about that and how sweet they were to my pup. Oh yeah, their pizza is really good too!"
88,Love the selection of slices taste great tooThe service is friendly and the prices reasonable
89,"First off the service was terrible. The cashier just pointed at the pizza and told my boyfriend ""this is your pizza"" and didn't hand it to him, he just walked away. Also the price for a sausage pizza says $23.95 and when my boyfriend asked for their military discount the total was still $23 but at first he told him it was 25. It just didn't make sense. Also I've had Boston's before and this is the first time I've ever seen more sauce on a pizza than I do cheese. Overall worst service I've experienced at a Boston's pizza."
90,"Worst service ever!! The girl running the cashier and taking orders had the worst attitude, cussing as soon as I walked in. Had to leave. Normally a great spot for take out but not today. Won't be going back!! The Boston's in HK mad Kaimuki are so good wonder why such a difference in taste and attitude. She should get another job if she can't handle that one. Believe me the other customers seen it as well."
91,"Tada ta-yum! Boston's North End Pizza Bakery is de-licious! I've really appreciated their availability of services - take out and delivery - during this 2020 pandemic. Thank you . I know it's not been easy. I highly encourage high tipping if your a family whose maintained employment during this time. My personal favorite is a pepperoni pizza and adding garlic and artichokes. Boston's pizzas are big so plan on feeding the family, and friends (or your fabulous single self over a few meals)."
92,"Delicious! I am a regular customer and have consistently experienced excellent customer service. The pizza is great. The slices are huge and the toppings are fresh and flavorful. They are doing takeout during covid, and we were able to pre-pay over the phone to make things quicker. Would definitely recommend the veggie toppings. I can't speak for the meat."
93,Gigantic slices of pizza for a great price! Fast and friendly service. Will be coming back!
94,Had the Boston special. Awesome pizza. Even the left overs tasted great. Oven 10 minutes at 400 degrees.
95,"What happened? I've been here tons of times before. I understand that the virus has everyone and everything topsy turvy.  I was warned of about a 25-minute wait and that was fine. But my pie today was unacceptable. Burnt. The crust was disgusting. The pie was not correctly covered with cheese (I ordered half cheese and half Boston Special)  There were three young people (and I mean young, maybe 21 years old, maybe less) manning the store. My pie was finished and boxed on the side at exactly 25 minutes of ordering (I drove there.) My part in this was that I didn't open the box before I left. When I got home in 10 minutes it was cold. It was nasty. They couldn't even figure out how to do half half toppings properly. All that for $25 and I felt sorry for them so I left a cash tip. Silly me! There is NO GOOD PIZZA IN HAWAII! I shan't go back, just like other pizza establishments in Aiea. Maybe if you go in, order in front of them and watch them make it, you might have a better outcome. But judging by the amount of BiteSquad drivers in the parking lot, maybe I get a crap pie because I came in personally to pick it up. Never again!!!!"
96,"We have been wanting pizza, but are tired of fast food pizza. Finally a decent east coast pizza place! We won't be eating pizza anywhere else now that we found this gem! Slices are huge, perfectly crunchy crust! The cheese garlic bread was delicious too!"
97,"Very welcoming atmosphere very home-y. Pizza is always cooked perfectly. The one downfall is that sometimes the crust is over floured, making it feel very dry in the mouth."
98,"Love Boston's North End Pizza. A young man answered the phone and sounded so upbeat and nice. He took my order and everything was ready upon my arrival.  When I arrived there was a short line because of social distancing. As I got through the door, they had the music playing a little loud but I loved it! It added to the upbeat atmosphere.  The boys were smiling and working hard.  After I jumped in the car to check in to yelp, the once full front row of parking was all clear! What an efficient and pleasant experience! Pizza was exactly what I ordered."
99,"My husband suggested the place... to promote local HI businesses during this pandemic. But we're very disappointed and I can only give them one star based on customer service. The first time we ordered from here was 2 weeks ago, pre-ordered over the phone. Back then they noted 20-30 min, but when we arrived to pick up our order they informed us they had forgotten to make it so we waited a few more minutes (total: 58 minutes) for our food. The ginger kid who was at the counter was very curt, but the lady manager was nice enough to give us a coupon for the inconvenience. So, we decided to give them another try. But this time we waited for 45min. There were actually 3 other customers who ordered after me and received their food sooner (and no they did not pre-order online or by phone as I saw/heard them asked for the menu and ordered). The pizza overall is just slightly above average in comparison to others, but their customer service is really bad. To be honest I would have just let it go, but unfortunately when I received our order... instead of just apologizing the same ginger kid who took my order and handed our food, stated in a condescending tone ""Here is your order, sorry but there are other people waiting also."" which completely show a lack of respect and regard for the customers. A simple... thank you for waiting or sorry you had to wait... in a respectful tone would have been better."
100,"The recommendations didn't really live up to the hype. Was told I needed to order delivery via grub hub. We put special instructions for a half and half pizza, which they got wrong and the pizza itself was not the best and was kind of cold already. Mostly crust and dough and sauce. Barely any cheese and toppings were sub par. One side was supposed to be extra cheese for the kids and by the time they picked off the toppings, there was really just a plain pizza left. When I called to let them know, the you g lady kept saying there was nothing that could be done and grub hub cant just come back out for free and that I would need to drive there for a correct order. Sorry, but no. I have had pizzas and slices from awesome places that deserve to call thier pizzas PIES. This place needs to up thier game a bit. I won't order delivery again but I might go in to see how thier slice action is. Maybe they can redeem themselves."
101,"Decent pizza, but not great. Like the spinach and garlic topping best. Also had the calzone and it was too much dough."
102,"Boston's is literally the only pizzeria that I will willingly eat and pay money for. I'm never disappointed when I go in to grab a slice of heaven. They're located in Aiea, closer to the bridge between Aiea and salt lake. They're right across from the old Tamura wines location.Open till 9PM, staff's got a tough love approach to their customers, but I love em. Everytime I go there I always get a big red, spinach and garlic or a spinach mushroom and garlic pizza. Whenever I order my half-half pizzas I put pepperoni on my big red and mushroom spinach garlic.These pizza's do not disappoint, it's ""pricier"" compared to Costco, but it's the quality in the pizzas that make it amazing and keeps you coming back for more! It's a BYOB sit in restaurant. *currently only doing takeout due to Covid-19. If you haven't tried Boston's and you've been living under a rock, please go and visit your nearest location--NOW."
103,Best pizza place on the island. I'd go here everyday if my wife would let me. Great staff and tasty pie.
104,"This place really doesn't look so hot from the outside, but those pizza slices! Oh man! A pizza lover's dream! Imagine a large pizza. Now cut it into quarters. That WHOLE quarter is your slice! They can cut it in half again for you, and then the slices become comparable to a Costco slice, but tastier and a better dough. They have great options too, I recommend the one with garlic, spinach, mushroom, sausage & pepperoni. I also highly recommend their garlic cheese bread which is also a huge portion. Overall my husband and I spent about $13 for garlic bread and a slice of pizza that we shared, and we were both 100% satisfied, and we could both eat a lot of pizza."
105,"Every time I find myself in Pearl City, it's a must to stop and order a pie. This is the closest best pizza found on island. I'm from NYC so pizza is my world and this is the only place on island that can actually be considered good! No wonder it has been opened for so long SO keep doing what your doing cause it's yummy"
106,"Omg I came craving for sausage on pizza. They made it on the spot, quick! Every ingredient taste so good, had to jump back on yelp to say I love it. I SO enjoyed it at home thank you guys for making my night!"
107,"Can't find any place on the island that understands what I like about pizza better than Boston's.  This place knows the importance of the bread/crust.  Friendly/Fun staff and oh did I mention the pizza is awesome.  Bottom line, others have something they call pizza but Boston's has pizza.  Bring your whole family/office etc.  Come hungry leave oh so satisfied."
108,"TomatoesGotta love a place where it's full of people eating inside! The first time I came here and there was 3 guys working they didn't seem attentive enough to who ordered what and there was barely anyone inside. The most recent visit had 3 ladies working and they were very aware of who ordered what in addition to the place being near packed with patrons. And it's always nice to be met with smiles. No Skynet Control here!PIZZA SAMPLED: Pepperoni slice $6.62TOPPINGS: (8/10) I'm actually surprised they dont use the big pepperoni here but it don't matter because this place has great tasting pizza sauce! This is what really sets it apart, the sauce just tastes like fresh tomatoes that were just plucked off the vines and pureed up.CRUST: (8/10) One of the few places where I actually eat all the crust. Its tasty and not rock hard.VALUE: (9/10) A great pizza and a good price and the slices are Huggge!OVERALL PIZZA RATING AND RANK: (8/10) 3rd Place of 15This location is great, its charming, (love the decor) It's not dark like those other gloomy places and you can dine in so pizza can be social thing again!"
109,"We ordered for NYE and one pie wasn't cooked throughly. The meat lovers was great and perfectly cooked. These pizzas are huge and can fill you up with one slice. The tomato, garlic and basil one was very very undercooked so $35 in the trash."
110,"This is the best pizza on Oahu, hands down. Pizza is always hot, fresh, and delicious. It never disappoints. Good customer service, friendly staff, go to Boston's if you're craving pizza and enjoy."
